Book Id,Title,Author,Author l-f,Additional Authors,ISBN,ISBN13,My Rating,Average Rating,Publisher,Binding,Number of Pages,Year Published,Original Publication Year,Date Read,Date Added,Bookshelves,Bookshelves with positions,Exclusive Shelf,My Review,Spoiler,Private Notes,Read Count,Owned Copies
60850767,"Children of Memory (Children of Time, #3)",Adrian Tchaikovsky,"Tchaikovsky, Adrian",,"=""""","=""""",4,4.14,Pan Macmillan Tor,Kindle Edition,486,2022,2023,2023/02/27,2023/01/18,,,read,,,,1,0
60147395,City of Last Chances,Adrian Tchaikovsky,"Tchaikovsky, Adrian",,"=""1801108420""","=""9781801108423""",0,4.04,Head of Zeus,Hardcover,512,2022,2022,,2023/02/26,to-read,to-read (#43),to-read,,,,0,0
50663055,Elder Race,Adrian Tchaikovsky,"Tchaikovsky, Adrian",,"=""1250768721""","=""9781250768728""",0,4.16,Tordotcom,Paperback,201,2021,2021,,2023/02/23,to-read,to-read (#42),to-read,,,,0,0
89230,Augustus: The Life of Rome's First Emperor,Anthony Everitt,"Everitt, Anthony",,"=""1400061288""","=""9781400061280""",3,3.93,Random House,Hardcover,377,2006,2006,2023/02/23,2020/07/06,,,read,,,,1,0
44657131,Sää joka muutti maailmaa,Marcus Rosenlund,"Rosenlund, Marcus",Ulla Lempinen,"=""9515247152""","=""9789515247155""",4,3.70,S&S,Hardcover,262,2019,2018,2023/02/18,2023/02/05,,,read,,,,1,0
35414997,Rocket Men: The Daring Odyssey of Apollo 8 and the Astronauts Who Made Man's First Journey to the Moon,Robert Kurson,"Kurson, Robert",,"=""0812988701""","=""9780812988703""",0,4.53,Random House,Hardcover,384,2018,2018,,2023/02/15,to-read,to-read (#41),to-read,,,,0,0
104080,The Last Light of the Sun,Guy Gavriel Kay,"Kay, Guy Gavriel",,"=""0743484231""","=""9780743484237""",0,3.96,Pocket,Paperback,501,2005,2004,,2023/02/14,to-read,to-read (#40),to-read,,,,0,0
23311670,"The Darkest Road (The Fionavar Tapestry, #3)",Guy Gavriel Kay,"Kay, Guy Gavriel",,"=""""","=""""",3,4.20,Roc,Kindle Edition,431,2001,1986,2023/02/14,2023/02/07,,,read,,,,1,0
23311663,"The Wandering Fire (The Fionavar Tapestry, #2)",Guy Gavriel Kay,"Kay, Guy Gavriel",,"=""""","=""""",3,4.12,Roc,Kindle Edition,395,2001,1986,2023/02/06,2023/01/29,,,read,,,,1,0
41385104,Suomessa selviytymisen historiaa kivikaudelta keskiajalle ja 1900-luvun alkuun,Ulla Koskinen,"Koskinen, Ulla",,"=""""","=""9789522649485""",3,3.52,Into,Hardcover,293,2018,,,2021/07/24,,,read,,,,1,0
17280274,"Synnintekijä (Olavi Maununpoika, #1)",Milja Kaunisto,"Kaunisto, Milja",,"=""""","=""9789512090969""",3,3.18,Gummerus,Hardcover,308,2013,2013,,2022/08/25,,,read,,,,1,0
38353728,Kiertoradalla - Vuosi avaruudessa,Scott    Kelly,"Kelly, Scott","Margaret Lazarus Dean, Outi Järvinen","=""""","=""9789522794635""",4,4.21,Bazar,Hardcover,431,2018,2017,2023/01/28,2022/10/14,,,read,,,,1,0
23311648,"The Summer Tree (The Fionavar Tapestry, #1)",Guy Gavriel Kay,"Kay, Guy Gavriel",,"=""""","=""""",2,3.97,Roc,Kindle Edition,353,2001,1984,2023/01/24,2023/01/18,,,read,,,,1,0
149267,The Stand,Stephen King,"King, Stephen",Bernie Wrightson,"=""""","=""""",0,4.34,Doubleday Books,Hardcover,1152,1990,1978,,2023/01/19,to-read,to-read (#39),to-read,,,,0,0
7235533,"The Way of Kings (The Stormlight Archive, #1)",Brandon Sanderson,"Sanderson, Brandon",,"=""0765326353""","=""9780765326355""",0,4.65,Tor Books,Hardcover,1007,2010,2010,,2023/01/19,to-read,to-read (#38),to-read,,,,0,0
186074,"The Name of the Wind (The Kingkiller Chronicle, #1)",Patrick Rothfuss,"Rothfuss, Patrick",,"=""075640407X""","=""9780756404079""",0,4.52,Penguin Group DAW,Hardcover,662,2007,2007,,2023/01/19,to-read,to-read (#37),to-read,,,,0,0
386162,"The Hitchhiker's Guide to the Galaxy (The Hitchhiker's Guide to the Galaxy, #1)",Douglas Adams,"Adams, Douglas",,"=""""","=""""",0,4.23,Del Rey,Paperback,193,2007,1979,,2023/01/19,to-read,to-read (#36),to-read,,,,0,0
18007564,The Martian,Andy Weir,"Weir, Andy",,"=""0804139024""","=""9780804139021""",0,4.41,Crown,Hardcover,384,2014,2011,,2023/01/19,to-read,to-read (#35),to-read,,,,0,0
33,The Lord of the Rings,J.R.R. Tolkien,"Tolkien, J.R.R.",,"=""""","=""""",5,4.52,Houghton Mifflin Harcourt,Paperback,1216,2005,1955,,2019/06/21,,,read,,,,2,0
48484,"Blindsight (Firefall, #1)",Peter Watts,"Watts, Peter",,"=""0765312182""","=""9780765312181""",4,4.01,Tor Books,Hardcover,384,2006,2006,2023/01/18,2020/12/30,,,read,,,,1,0
18490708,"Echopraxia (Firefall, #2)",Peter Watts,"Watts, Peter",,"=""076532802X""","=""9780765328021""",0,3.84,Tor Books,Hardcover,384,2014,2014,,2023/01/18,to-read,to-read (#34),to-read,,,,0,0
44452969,Life Changing: How Humans are Shaping the Course of Evolution,Helen Pilcher,"Pilcher, Helen",,"=""1472956710""","=""9781472956712""",4,4.31,Bloomsbury Sigma,Hardcover,383,2020,,2023/01/15,2023/01/08,,,read,,,,1,0
18043011,Clean Architecture,Robert C. Martin,"Martin, Robert C.",,"=""0134494164""","=""9780134494166""",4,4.24,Prentice Hall,Paperback,432,2017,2017,,2022/11/28,,,read,,,,1,0
7332,The Silmarillion,J.R.R. Tolkien,"Tolkien, J.R.R.","Christopher Tolkien, Ted Nasmith","=""0618391118""","=""9780618391110""",5,3.99,Houghton Mifflin Company,Hardcover,386,2004,1977,2022/12/07,2022/11/28,,,read,,,,1,0
25812847,The Silk Roads: A New History of the World,Peter Frankopan,"Frankopan, Peter",,"=""1408839970""","=""9781408839973""",4,4.17,Bloomsbury,Hardcover,636,2015,2016,2022/11/27,2022/02/01,,,read,,,,1,0
53968566,The Viking Heart: How Scandinavians Conquered the World,Arthur Herman,"Herman, Arthur",,"=""1328595900""","=""9781328595904""",3,3.65,Mariner Books,Hardcover,512,2021,2021,2022/11/27,2022/09/27,,,read,,,,1,0
944073,"The Blade Itself (The First Law, #1)",Joe Abercrombie,"Abercrombie, Joe",,"=""0575079797""","=""9780575079793""",0,4.20,Gollancz,Paperback,515,2007,2006,,2022/10/01,to-read,to-read (#33),to-read,,,,0,0
25135194,Prisoners of Geography: Ten Maps That Tell You Everything You Need to Know About Global Politics,Tim  Marshall,"Marshall, Tim",,"=""1783961414""","=""9781783961412""",0,4.20,Elliott & Thompson,Hardcover,256,2015,2015,,2022/09/24,to-read,to-read (#32),to-read,,,,0,0
62315578,"Lords of Uncreation (The Final Architecture, #3)",Adrian Tchaikovsky,"Tchaikovsky, Adrian",,"=""1668628104""","=""9781668628102""",0,4.77,Orbit,Audiobook,21,2023,2023,,2022/09/21,to-read,to-read (#31),to-read,,,,0,0
50915605,"Leviathan Falls (The Expanse, #9)",James S.A. Corey,"Corey, James S.A.",,"=""""","=""""",5,4.54,Orbit,Kindle Edition,560,2021,2021,2022/09/20,2022/09/12,,,read,,,,1,0
40481287,"Tiamat's Wrath (The Expanse, #8)",James S.A. Corey,"Corey, James S.A.",,"=""""","=""""",5,4.58,Orbit,Kindle Edition,544,2019,2019,2022/09/12,2022/09/04,,,read,,,,1,0
36454614,Persepolis Rising (The Expanse #7),James S.A. Corey,"Corey, James S.A.",,"=""""","=""""",4,4.37,Orbit,Kindle Edition,560,2017,2017,2022/09/04,2022/08/19,,,read,,,,1,0
28183825,"Babylon's Ashes (The Expanse, #6)",James S.A. Corey,"Corey, James S.A.",,"=""""","=""""",4,4.24,Orbit,Kindle Edition,448,2016,2016,2022/08/17,2022/08/06,,,read,,,,1,0
40126247,How to Think Like a Roman Emperor: The Stoic Philosophy of Marcus Aurelius,Donald J. Robertson,"Robertson, Donald J.",,"=""""","=""""",5,4.37,St. Martin's Press,Kindle Edition,292,2019,2019,2021/07/24,2021/05/18,,,read,,,,1,0
24942533,Nemesis Games (Expanse #5),James S.A. Corey,"Corey, James S.A.",,"=""""","=""""",4,4.43,Orbit,Kindle Edition,576,2015,2015,2022/08/06,2022/08/02,,,read,,,,1,0
19878591,"Cibola Burn (Expanse, #4)",James S.A. Corey,"Corey, James S.A.",,"=""""","=""""",4,4.21,Orbit,Kindle Edition,593,2014,2014,2022/08/01,2022/07/26,,,read,,,,1,0
17793631,"Abaddon's Gate (Expanse, #3)",James S.A. Corey,"Corey, James S.A.",,"=""""","=""""",4,4.26,Hachette Digital,Kindle Edition,566,2013,2013,2022/07/26,2022/07/21,,,read,,,,1,0
12964289,"Caliban's War (Expanse, #2)",James S.A. Corey,"Corey, James S.A.",,"=""""","=""""",4,4.37,Hachette Digital,Kindle Edition,608,2012,2012,2022/07/21,2022/07/11,,,read,,,,1,0
11570641,"Leviathan Wakes (Expanse, #1)",James S.A. Corey,"Corey, James S.A.",,"=""""","=""""",4,4.29,Orbit,Kindle Edition,573,2011,2011,2022/07/04,2020/09/21,,,read,,,,1,0
58950674,"Eyes of the Void (The Final Architecture, #2)",Adrian Tchaikovsky,"Tchaikovsky, Adrian",,"=""1668604906""","=""9781668604908""",4,4.23,Orbit,Audiobook,,2022,2022,2022/06/23,2022/06/09,,,read,,,,1,0
56616571,"Shards of Earth (The Final Architecture, #1)",Adrian Tchaikovsky,"Tchaikovsky, Adrian",,"=""""","=""""",4,4.20,Tor,Kindle Edition,558,2021,2021,2022/06/08,2021/11/04,,,read,,,,1,0
58863528,All the Seas of the World,Guy Gavriel Kay,"Kay, Guy Gavriel",,"=""0593441044""","=""9780593441046""",0,4.23,Berkley,Hardcover,528,2022,2022,,2022/06/08,to-read,to-read (#30),to-read,,,,0,0
104085,A Song for Arbonne,Guy Gavriel Kay,"Kay, Guy Gavriel",,"=""0451458974""","=""9780451458971""",0,4.23,Ace Books,Paperback,512,2002,1992,,2022/06/08,to-read,to-read (#29),to-read,,,,0,0
104097,"Sailing to Sarantium (The Sarantine Mosaic, #1)",Guy Gavriel Kay,"Kay, Guy Gavriel",,"=""0743450094""","=""9780743450096""",0,4.18,Earthlight,Paperback,448,2002,1998,,2022/06/08,to-read,to-read (#28),to-read,,,,0,0
45833267,"Science of Running: Analyze your Technique, Prevent Injury, Revolutionize your Training (DK Science of)",Chris Napier,"Napier, Chris",,"=""1465489576""","=""9781465489579""",0,4.28,DK,Paperback,224,2020,2020,,2022/06/08,to-read,to-read (#27),to-read,,,,0,0
6969452,The Fall of the West: The Death of the Roman Superpower,Adrian Goldsworthy,"Goldsworthy, Adrian",,"=""0753826925""","=""9780753826928""",0,3.99,Phoenix,Paperback,531,2010,2009,,2021/01/28,dnf,dnf (#2),dnf,,,,0,0
180463,Leadership and Self-Deception: Getting Out of the Box,The Arbinger Institute,"Institute, The Arbinger",,"=""1576751740""","=""9781576751749""",5,4.11,Berrett-Koehler Publishers,Paperback,180,2002,2000,2022/06/02,2022/04/20,,,read,,,,2,0
54304238,Icebound: Shipwrecked at the Edge of the World,Andrea Pitzer,"Pitzer, Andrea",,"=""1982113340""","=""9781982113346""",3,3.73,Scribner,Hardcover,320,2021,2021,2022/05/18,2022/05/01,,,read,,,,1,0
38820046,21 Lessons for the 21st Century,Yuval Noah Harari,"Harari, Yuval Noah",,"=""0525512179""","=""9780525512172""",3,4.18,Random House,Hardcover,372,2018,2018,2022/04/27,2022/04/19,,,read,,,,1,0
10111087,Turn Right at Machu Picchu: Rediscovering the Lost City One Step at a Time,Mark Adams,"Adams, Mark",,"=""0525952241""","=""9780525952244""",3,3.85,Dutton Books,Hardcover,333,2011,2011,2022/04/18,2022/04/11,,,read,,,,1,0
59243042,Eurooppa – Poliittisen yhteisön historia,Timo  Miettinen,"Miettinen, Timo",,"=""""","=""9789523631410""",4,4.10,Teos,Hardcover,399,2021,,2022/04/10,2022/01/27,,,read,,,,1,0
36570350,Divided: Why We're Living in an Age of Walls,Tim  Marshall,"Marshall, Tim",,"=""1783963425""","=""9781783963423""",0,4.01,Elliott & Thompson Ltd,Hardcover,272,2018,2018,,2022/02/01,to-read,to-read (#26),to-read,,,,0,0
55313155,Project Hail Mary,Andy Weir,"Weir, Andy",,"=""""","=""""",5,4.52,Cornerstone Digital,Kindle Edition,482,2021,2021,2022/01/27,2021/12/14,,,read,,,,1,0
1713426,Predictably Irrational: The Hidden Forces That Shape Our Decisions,Dan Ariely,"Ariely, Dan",,"=""""","=""""",0,4.12,HarperCollins Canada ,Hardcover,247,2008,2008,,2020/08/04,dnf,dnf (#1),dnf,,,,0,0
53799686,Anxious People,Fredrik Backman,"Backman, Fredrik",Neil   Smith,"=""1982121602""","=""9781982121600""",4,4.19,Simon & Schuster Canada,Paperback,336,2020,2019,2022/01/23,2022/01/17,,,read,,,,1,0
8176885,"The Hero of Ages (Mistborn, #3)",Brandon Sanderson,"Sanderson, Brandon",,"=""""","=""""",5,4.52,Tor Books,Kindle Edition,785,2010,2008,2022/01/07,2021/11/29,,,read,,,,1,0
8908,World War Z: An Oral History of the Zombie War,Max Brooks,"Brooks, Max",,"=""0307346609""","=""9780307346605""",0,4.02,Crown,Hardcover,342,2006,2006,,2021/12/16,to-read,to-read (#25),to-read,,,,0,0
54191640,"The Well of Ascension (Mistborn, #2)",Brandon Sanderson,"Sanderson, Brandon",,"=""""","=""""",5,4.38,Tor Books,Kindle Edition,815,2010,2007,2021/12/15,2021/11/29,,,read,,,,1,0
53321665,"Mistborn: The Final Empire (Mistborn, #1)",Brandon Sanderson,"Sanderson, Brandon",,"=""""","=""""",5,4.47,Tor Books,Kindle Edition,676,2010,2006,2021/11/29,2020/12/18,,,read,,,,1,0
57355365,The Bright Ages: A New History of Medieval Europe,Matthew Gabriele,"Gabriele, Matthew",David M. Perry,"=""0062980890""","=""9780062980892""",0,3.70,Harper,Hardcover,307,2021,2021,,2021/11/30,to-read,to-read (#24),to-read,,,,0,0
56082145,"Bear Head (Dogs of War, #2)",Adrian Tchaikovsky,"Tchaikovsky, Adrian",,"=""""","=""""",4,4.28,Head of Zeus,Kindle Edition,316,2021,2021,2021/11/17,2021/11/04,,,read,,,,1,0
44492286,"Children of Dune (Dune, #3)",Frank Herbert,"Herbert, Frank",Brian Herbert,"=""0593098242""","=""9780593098240""",0,3.96,Ace Books,Paperback,609,2019,1976,,2021/11/17,to-read,to-read (#23),to-read,,,,0,0
57668692,"Dogs of War (Dogs of War, #1)",Adrian Tchaikovsky,"Tchaikovsky, Adrian",,"=""""","=""""",4,4.25,Head of Zeus,Kindle Edition,261,,2017,2021/11/04,2021/10/28,,,read,,,,1,0
28481,"Dragon Wing (The Death Gate Cycle, #1)",Margaret Weis,"Weis, Margaret",Tracy Hickman,"=""0553286390""","=""9780553286397""",0,3.97,Spectra,Mass Market Paperback,430,1990,1990,,2021/10/31,to-read,to-read (#22),to-read,,,,0,0
53948812,Cage of Souls,Adrian Tchaikovsky,"Tchaikovsky, Adrian",,"=""""","=""""",4,4.14,Head of Zeus,Kindle Edition,560,2020,2019,2021/10/28,2019/09/24,,,read,,,,2,0
26505409,Children of Earth and Sky,Guy Gavriel Kay,"Kay, Guy Gavriel",,"=""""","=""""",4,4.15,Berkley,Kindle Edition,585,2016,2016,2021/10/16,2021/07/25,,,read,,,,1,0
44492285,"Dune Messiah (Dune, #2)",Frank Herbert,"Herbert, Frank",Brian Herbert,"=""0593098234""","=""9780593098233""",3,3.89,Ace Books,Mass Market Paperback,337,2019,1969,2021/09/16,2021/08/27,,,read,,,,1,0
11323604,"Dune (Dune Chronicles, #1)",Frank Herbert,"Herbert, Frank",,"=""""","=""""",4,4.26,Gateway,Kindle Edition,680,2010,1965,2021/08/27,2021/07/25,,,read,,,,1,0
28257707,The Subtle Art of Not Giving a F*ck: A Counterintuitive Approach to Living a Good Life,Mark Manson,"Manson, Mark",,"=""""","=""""",3,3.91,Harper,Paperback,212,2016,2016,,2021/08/20,,,read,,,,1,0
42198070,A Brightness Long Ago,Guy Gavriel Kay,"Kay, Guy Gavriel",,"=""""","=""""",4,4.18,Hodder & Stoughton,Kindle Edition,448,2019,2019,2021/07/25,2019/11/10,,,read,,,,1,0
53916142,A Life on Our Planet: My Witness Statement and a Vision for the Future,David Attenborough,"Attenborough, David",Jonnie Hughes,"=""1538719983""","=""9781538719985""",4,4.52,Grand Central Publishing,Hardcover,272,2020,2020,,2020/12/15,,,read,,,,2,0
53490148,The Ickabog,J.K. Rowling,"Rowling, J.K.",,"=""1510202250""","=""9781510202252""",0,3.94,"Little, Brown Books for Young Readers",Hardcover,290,2020,2020,,2021/07/08,to-read,to-read (#21),to-read,,,,0,0
108490,The Conquest of New Spain,Bernal Díaz del Castillo,"Castillo, Bernal Díaz del",J.M. Cohen,"=""0140441239""","=""9780140441239""",0,4.12,Penguin Classics,Paperback,416,1973,1568,,2021/03/13,to-read,to-read (#20),to-read,,,,0,0
35657708,How to Build a Car: The Autobiography of the World’s Greatest Formula 1 Designer,Adrian Newey,"Newey, Adrian",,"=""000819680X""","=""9780008196806""",5,4.50,HarperCollins,Hardcover,400,2017,2017,2021/03/08,2021/02/24,,,read,,,,1,0
3974,The Terror,Dan Simmons,"Simmons, Dan",,"=""0316017442""","=""9780316017442""",3,4.07,"Little, Brown and Company",Hardcover,769,2007,2007,2021/01/28,2020/12/29,,,read,,,,1,0
49823690,Löytöretki suomeen,Kersti Juva,"Juva, Kersti",,"=""9518581045""","=""9789518581041""",0,3.76,SKS,Paperback,413,2019,2019,,2021/01/19,to-read,to-read (#19),to-read,,,,0,0
679547,The Mongols,David O. Morgan,"Morgan, David O.",,"=""0631175636""","=""9780631175636""",0,3.71,Wiley-Blackwell,Paperback,238,1991,1983,,2021/01/14,to-read,to-read (#18),to-read,,,,0,0
16241133,The History of the Renaissance World: From the Rediscovery of Aristotle to the Conquest of Constantinople,Susan Wise Bauer,"Bauer, Susan Wise",,"=""0393059766""","=""9780393059762""",0,4.15,W. W. Norton  Company,Hardcover,785,2013,2013,,2021/01/14,to-read,to-read (#17),to-read,,,,0,0
6484128,The History of the Medieval World: From the Conversion of Constantine to the First Crusade,Susan Wise Bauer,"Bauer, Susan Wise",,"=""0393059758""","=""9780393059755""",0,4.10,W. W. Norton & Company,Hardcover,746,2010,2010,,2021/01/14,to-read,to-read (#16),to-read,,,,0,0
40718726,Genghis Khan and the Making of the Modern World,Jack Weatherford,"Weatherford, Jack",,"=""""","=""""",4,4.04,Broadway Books,Kindle Edition,352,2005,2004,2021/01/14,2020/10/28,,,read,,,,1,0
35404398,A River in Darkness: One Man's Escape from North Korea,Masaji Ishikawa,"Ishikawa, Masaji","Risa Kobayashi, Martin Brown","=""""","=""""",5,4.27,AmazonCrossing,Kindle Edition,174,2018,2000,2021/01/06,2021/01/04,,,read,,,,1,0
6178648,Nothing to Envy: Ordinary Lives in North Korea,Barbara Demick,"Demick, Barbara",,"=""0385523904""","=""9780385523905""",0,4.44,Spiegel & Grau,Hardcover,316,2009,2009,,2021/01/06,to-read,to-read (#15),to-read,,,,0,0
49771904,Flowers for Algernon,Daniel Keyes,"Keyes, Daniel",,"=""""","=""""",4,4.19,Gateway,Kindle Edition,228,2012,1959,2020/12/30,2020/12/18,,,read,,,,1,0
6060179,Hadrian and the Triumph of Rome,Anthony Everitt,"Everitt, Anthony",,"=""140006662X""","=""9781400066629""",0,3.89,Random House,Hardcover,392,2009,2009,,2020/12/30,to-read,to-read (#14),to-read,,,,0,0
13155133,The Rise of Rome: The Making of the World's Greatest Empire,Anthony Everitt,"Everitt, Anthony",,"=""1400066638""","=""9781400066636""",0,3.95,Random House (NY),Hardcover,480,2012,2012,,2020/12/30,to-read,to-read (#13),to-read,,,,0,0
11253689,"The Rise of Endymion (Hyperion Cantos, #4)",Dan Simmons,"Simmons, Dan",,"=""""","=""""",4,4.17,Gateway,Kindle Edition,722,2010,1997,2020/12/25,2020/08/12,,,read,,,,1,0
12329009,Postwar: A History of Europe Since 1945,Tony Judt,"Judt, Tony",,"=""""","=""""",4,4.37,,Kindle Edition,960,,2005,2020/12/20,2020/10/18,,,read,,,,1,0
331669,Jennifer Government,Max Barry,"Barry, Max",,"=""1400030927""","=""9781400030927""",0,3.67,Vintage,Paperback,321,2004,2002,,2020/12/19,to-read,to-read (#12),to-read,,,,0,0
187065,"New Spring (The Wheel of Time, #0)",Robert Jordan,"Jordan, Robert",,"=""1841492612""","=""9781841492612""",0,4.05,Orbit,Paperback,423,2004,2004,,2020/12/19,to-read,to-read (#11),to-read,,,,0,0
84593,Cicero: The Life and Times of Rome's Greatest Politician,Anthony Everitt,"Everitt, Anthony",,"=""037575895X""","=""9780375758959""",4,3.87,Random House,Paperback,364,2003,2001,2020/07/31,2020/08/04,,,read,,,,1,0
38401,Company,Max Barry,"Barry, Max",,"=""1400079373""","=""9781400079377""",0,3.74,Vintage,Paperback,338,2007,2006,,2020/12/18,to-read,to-read (#10),to-read,,,,0,0
12609433,The Power of Habit: Why We Do What We Do in Life and Business,Charles Duhigg,"Duhigg, Charles",,"=""1400069289""","=""9781400069286""",0,4.13,Random House,Hardcover,375,2012,2012,,2020/10/20,to-read,to-read (#9),to-read,,,,0,0
40789626,"Endymion (Hyperion Cantos, #3)",Dan Simmons,"Simmons, Dan",,"=""""","=""""",3,4.18,Gateway,Kindle Edition,578,2010,1996,2020/10/18,2020/08/12,,,read,,,,1,0
6640471,The Thirty Years War: Europe's Tragedy,Peter H. Wilson,"Wilson, Peter H.",,"=""0674036344""","=""9780674036345""",0,3.89,Belknap Press,Hardcover,997,2009,2009,,2020/10/18,to-read,to-read (#8),to-read,,,,0,0
568236,A Distant Mirror:  The Calamitous 14th Century,Barbara W. Tuchman,"Tuchman, Barbara W.",,"=""0345349571""","=""9780345349576""",0,4.04,Random House Trade,Paperback,714,1987,1978,,2020/10/18,to-read,to-read (#7),to-read,,,,0,0
15839976,"Red Rising (Red Rising Saga, #1)",Pierce Brown,"Brown, Pierce",,"=""0345539788""","=""9780345539786""",0,4.26,Del Rey,Hardcover,382,2014,2014,,2020/09/21,to-read,to-read (#6),to-read,,,,0,0
77565,"The Fall of Hyperion (Hyperion Cantos, #2)",Dan Simmons,"Simmons, Dan",,"=""0553288202""","=""9780553288209""",4,4.22,Spectra Books,Mass Market Paperback,517,1995,1990,2020/09/19,2019/12/22,,,read,,,,1,0
29223655,"The History of the Decline and Fall of the Roman Empire (All 6 Volumes): From the Height of the Roman Empire, the Age of Trajan and the Antonines - to ... the State of Rome during the Middle Ages",Edward Gibbon,"Gibbon, Edward",,"=""""","=""""",0,4.01,e-artnow,Kindle Edition,,2016,1776,,2020/08/12,to-read,to-read (#5),to-read,,,,0,0
23241868,A Day of Fire: A Novel of Pompeii,Stephanie Dray,"Dray, Stephanie","Ben Kane, E. Knight, Sophie Perinot, Kate Quinn, Vicky Alvear Shecter, Michelle Moran","=""""","=""""",0,4.15,"Knight Media, LLC",Kindle Edition,315,2014,2014,,2020/08/05,to-read,to-read (#4),to-read,,,,0,0
880,Pompeii,Robert   Harris,"Harris, Robert",,"=""0812974611""","=""9780812974614""",0,3.85,Random House Trade Paperbacks,Paperback,274,2005,2003,,2020/08/05,to-read,to-read (#3),to-read,,,,0,0
104101,The Lions of Al-Rassan,Guy Gavriel Kay,"Kay, Guy Gavriel",,"=""0060733497""","=""9780060733490""",4,4.30,Harper Voyager,Paperback,528,2005,1995,2020/08/04,2020/06/28,,,read,,,,1,0
30659,Meditations,Marcus Aurelius,"Aurelius, Marcus","George Long, Diskin Clay, Martin Hammond, Duncan Steen, Edwin Ginn","=""0140449337""","=""9780140449334""",0,4.26,Penguin Books,Paperback,254,2006,180,,2020/08/04,to-read,to-read (#2),to-read,,,,0,0
104089,Tigana,Guy Gavriel Kay,"Kay, Guy Gavriel",,"=""0451457765""","=""9780451457769""",4,4.09,Roc,Paperback,676,1999,1990,2020/06/28,2019/07/08,,,read,,,,1,0
7743175,"A Memory of Light (The Wheel of Time, #14)",Robert Jordan,"Jordan, Robert",Brandon Sanderson,"=""0765325950""","=""9780765325952""",5,4.55,Tor Books,Hardcover,912,2013,2013,2020/03/24,2020/03/05,,,read,,,,1,0
8253920,"Towers of Midnight (The Wheel of Time, #13)",Robert Jordan,"Jordan, Robert",Brandon Sanderson,"=""0765325942""","=""9780765325945""",4,4.46,Tom Doherty Associates TOR Fantasy,Hardcover,863,2010,2010,2020/03/05,2020/02/09,,,read,,,,1,0
1166599,"The Gathering Storm (The Wheel of Time, #12)",Robert Jordan,"Jordan, Robert",Brandon Sanderson,"=""0765302306""","=""9780765302304""",5,4.41,Tor Books,Hardcover,783,2009,2009,2020/02/09,2020/01/28,,,read,,,,1,0
13888,"Knife of Dreams (The Wheel of Time, #11)",Robert Jordan,"Jordan, Robert",,"=""0812577566""","=""9780812577563""",4,4.18,Tom Doherty Associates,Mass Market Paperback,860,2006,2005,2020/01/28,2020/01/16,,,read,,,,1,0
113435,"Crossroads of Twilight (The Wheel of Time, #10)",Robert Jordan,"Jordan, Robert",,"=""0312864590""","=""9780312864590""",3,3.79,Tor Fantasy,Hardcover,704,2003,2003,2020/01/16,2020/01/04,,,read,,,,1,0
13891,"Winter's Heart (The Wheel of Time, #9)",Robert Jordan,"Jordan, Robert",,"=""081257558X""","=""9780812575583""",4,3.96,Tor Fantasy,Mass Market Paperback,780,2002,2000,2020/01/04,2019/12/22,,,read,,,,1,0
140974,"The Path of Daggers (The Wheel of Time, #8)",Robert Jordan,"Jordan, Robert",,"=""0812550293""","=""9780812550290""",4,3.92,Tor Books,Mass Market Paperback,685,1999,1998,2019/12/22,2019/11/10,,,read,,,,1,0
77566,"Hyperion (Hyperion Cantos, #1)",Dan Simmons,"Simmons, Dan",,"=""0553283685""","=""9780553283686""",5,4.25,Bantam Doubleday Dell Publishing Group,Mass Market Paperback,500,1990,1989,2019/12/22,2019/07/24,,,read,,,,1,0
40961427,1984,George Orwell,"Orwell, George",,"=""""","=""""",5,4.19,Houghton Mifflin Harcourt,Kindle Edition,298,2013,1949,,2019/11/10,,,read,,,,1,0
13890,"A Crown of Swords (The Wheel of Time, #7)",Robert Jordan,"Jordan, Robert",,"=""0812550285""","=""9780812550283""",3,4.06,Tor Books,Mass Market Paperback,880,1997,1996,2019/11/10,2019/10/23,,,read,,,,1,0
40376072,"Children of Ruin (Children of Time, #2)",Adrian Tchaikovsky,"Tchaikovsky, Adrian",Mel Hudson,"=""""","=""""",4,4.06,Macmillan Digital Audio,Audible Audio,565,2019,2019,2019/10/23,2019/07/24,,,read,,,,1,0
35231,"Lord of Chaos (The Wheel of Time, #6)",Robert Jordan,"Jordan, Robert",,"=""0812513754""","=""9780812513752""",4,4.17,Tom Doherty Associates,Mass Market Paperback,1011,1995,1994,2019/10/07,2019/09/19,,,read,,,,1,0
36510196,"Old Man's War (Old Man's War, #1)",John Scalzi,"Scalzi, John",,"=""""","=""""",0,4.23,Tor Books,Kindle Edition,318,2007,2005,,2019/10/07,to-read,to-read (#1),to-read,,,,0,0
13895,"The Fires of Heaven (The Wheel of Time, #5)",Robert Jordan,"Jordan, Robert",,"=""1857232097""","=""9781857232097""",4,4.18,Orbit,Paperback,912,1994,1993,,2019/08/20,,,read,,,,1,0
9539,"The Shadow Rising (The Wheel of Time, #4)",Robert Jordan,"Jordan, Robert",,"=""0812513738""","=""9780812513738""",4,4.27,Tom Doherty Tor Fantasy,Mass Market Paperback,1007,1993,1992,2019/07/30,2019/07/08,,,read,,,,1,0
25499718,"Children of Time (Children of Time, #1)",Adrian Tchaikovsky,"Tchaikovsky, Adrian",,"=""1447273281""","=""9781447273288""",5,4.29,PanMacmillan,Hardcover,600,2015,2015,,2019/07/24,,,read,,,,1,0
34897,"The Dragon Reborn (The Wheel of Time, #3)",Robert Jordan,"Jordan, Robert",,"=""0765305119""","=""9780765305114""",4,4.27,Tor Books,Mass Market Paperback,624,2002,1991,2019/07/08,2019/06/21,,,read,,,,1,0
10664113,"A Dance with Dragons (A Song of Ice and Fire, #5)",George R.R. Martin,"Martin, George R.R.",,"=""""","=""""",5,4.33,Bantam,Kindle Edition,1125,2011,2011,,2019/06/21,,,read,,,,1,0
13497,"A Feast for Crows (A Song of Ice and Fire, #4)",George R.R. Martin,"Martin, George R.R.",,"=""055358202X""","=""9780553582024""",5,4.15,Bantam Books,Mass Market Paperback,1061,2011,2005,,2019/06/21,,,read,,,,1,0
62291,"A Storm of Swords (A Song of Ice and Fire, #3)",George R.R. Martin,"Martin, George R.R.",,"=""055357342X""","=""9780553573428""",5,4.54,Bantam,Mass Market Paperback,1177,2003,2000,,2019/06/21,,,read,,,,1,0
10572,"A Clash of Kings  (A Song of Ice and Fire, #2)",George R.R. Martin,"Martin, George R.R.",,"=""0553381695""","=""9780553381696""",5,4.41,Bantam,Paperback,969,2002,1998,,2019/06/21,,,read,,,,1,0
13496,"A Game of Thrones (A Song of Ice and Fire, #1)",George R.R. Martin,"Martin, George R.R.",,"=""0553588486""","=""9780553588484""",5,4.44,Bantam,Mass Market Paperback,835,2005,1996,,2019/06/21,,,read,,,,1,0
260025,"Test of the Twins (Dragonlance: Legends, #3)",Margaret Weis,"Weis, Margaret",Tracy Hickman,"=""0786933887""","=""9780786933884""",4,4.19,Wizards of the Coast,Hardcover,320,2004,1986,,2019/06/21,,,read,,,,1,0
93768,"War of the Twins (Dragonlance: Legends, #2)",Margaret Weis,"Weis, Margaret",Tracy Hickman,"=""0786932171""","=""9780786932177""",4,4.15,Wizards of the Coast,Hardcover,411,2004,1986,,2019/06/21,,,read,,,,1,0
29187,"Time of the Twins (Dragonlance: Legends, #1)",Margaret Weis,"Weis, Margaret",Tracy Hickman,"=""0786931582""","=""9780786931583""",4,4.17,Wizards of the Coast,Kindle Edition,389,2004,1986,,2019/06/21,,,read,,,,1,0
68380,"Dragonlance Chronicles (Dragonlance, #1-3)",Margaret Weis,"Weis, Margaret",Tracy Hickman,"=""0880386525""","=""9780880386524""",4,4.24,TSR,Paperback,1030,1988,1985,,2019/06/21,,,read,,,,1,0
15808474,"River of Stars (Under Heaven, #2)",Guy Gavriel Kay,"Kay, Guy Gavriel",,"=""0451464974""","=""9780451464972""",4,4.14,Roc,Hardcover,639,2013,2013,,2019/06/21,,,read,,,,1,0
7139892,"Under Heaven (Under Heaven, #1)",Guy Gavriel Kay,"Kay, Guy Gavriel",,"=""0007342012""","=""9780007342013""",5,4.16,HarperVoyager,Hardcover,573,2010,2010,,2019/06/21,,,read,,,,1,0
233649,"The Great Hunt (The Wheel of Time, #2)",Robert Jordan,"Jordan, Robert",,"=""0812517725""","=""9780812517729""",4,4.26,Tor Books,Mass Market Paperback,705,1991,1990,,2019/06/21,,,read,,,,1,0
228665,"The Eye of the World (The Wheel of Time, #1)",Robert Jordan,"Jordan, Robert",,"=""0812511816""","=""9780812511819""",4,4.19,Tor Books,Mass Market Paperback,800,1990,1990,,2019/06/21,,,read,,,,1,0
